Mail,Class
component ,0
Offer expires ,1
One hundred percent guaranteed ,1
concept ,0
brief ,0
One time mailing ,1
component ,0
clause ,0
Offers extra cash ,1
Orders shipped by priority mail ,1
civil ,0
clarify ,0
commence ,0
One hundred percent guaranteed ,1
Who really wins? ,1
Offers coupon ,1
commodity ,1
Reply remove subject ,1
conduct ,0
Offers free (often stolen) passwords ,1
bond ,0
complex ,0
commit ,0
conceive ,0
consent ,1
Promise you …! ,1
Print out and fax ,0
While you sleep ,0
What are you waiting for? ,1
coincide ,0
Offers extra cash ,1
bulk ,0
communicate ,0
Opportunity ,1
One time mailing ,0
category ,0
While supplies last ,1
classic ,0
bias ,0
Off shore ,1
component ,0
coincide ,0
confirm ,0
One hundred percent guaranteed ,1
Once in lifetime ,1
Real thing ,1
comment ,0
chart ,0
Opportunity ,1
commence ,0
coherent ,0
One hundred percent guaranteed ,1
classic ,0
bulk ,0
clause ,0
complex ,0
confirm ,0
colleague ,0
compound ,0
Order status ,0
Off shore ,1
community ,0
coincide ,0
People just leave money laying around ,1
Offers extra cash ,0
Offers free (often stolen) passwords ,1
Opt in ,1
complement ,0
compute ,0
concept ,0
complex ,0
conform ,0
People just leave money laying around ,1
colleague ,1
bond ,0
confirm ,0
Removes wrinkles ,1
Potential earnings ,1
Offers free (often stolen) passwords ,1
compound ,0
Requires initial investment ,0
compound ,0
Offers extra cash ,1
Removal instructions ,0
confirm ,0
Who really wins? ,1
confine ,0
chapter ,0
Online biz opportunity ,1
People just leave money laying around ,1
Opportunity ,1
One hundred percent free ,1
concept ,0
category ,0
community ,0
One hundred percent free ,1
Profits ,0
coherent ,0
chart ,0
Print form signature ,1
Please read ,1
Refinance home ,1
Online biz opportunity ,1
Removal instructions ,1
Opportunity ,1
compile ,0
commence ,0
compensate ,0
Outstanding values ,1
chapter ,0
coincide ,0
One hundred percent guaranteed ,0
chapter ,0
Produced and sent out ,1
commodity ,0
coherent ,0
Outstanding values ,0
Only $ ,1
comprise ,0
capacity ,1
consent ,0
Pure profit ,1
Outstanding values ,1
Pure profit ,1
Reserves the right ,1
Remove in quotes ,1
capable ,0
consequent ,1
Order status ,1
Pennies a day ,0
communicate ,0
conceive ,0
comprehensive ,1
Print form signature ,1
bias ,0
comment ,0
Once in lifetime ,1
Opportunity ,1
One hundred percent free ,1
classic ,0
Real thing ,0
category ,0
Reserves the right ,1
compute ,0
compatible ,1
bond ,0
confer ,0
bulk ,0
Requires initial investment ,1
capable ,0
bulk ,0
Promise you …! ,1
Please read ,1
complex ,0
compute ,0
compatible ,0
While supplies last ,1
conflict ,0
complex ,0
Requires initial investment ,1
concurrent ,0
Only $ ,1
People just leave money laying around ,1
code ,0
Reply remove subject ,1
What are you waiting for? ,1
Requires initial investment ,1
What are you waiting for? ,1
Online pharmacy ,1
conclude ,0
colleague ,0
Opt in ,1
conform ,0
conduct ,0
conflict ,0
We honor all ,1
Order now ,1
commodity ,0
Opt in ,1
confirm ,0
chapter ,0
Reply remove subject ,0
Offers free (often stolen) passwords ,1
cease ,0
Off shore ,1
Order now ,1
Online pharmacy ,1
component ,0
While supplies last ,1
concept ,0
Once in lifetime ,1
Promise you …! ,1
complex ,1
cite ,0
While you sleep ,1
brief ,0
conduct ,0
conduct ,0
classic ,0
Order status ,1
conclude ,0
Reply remove subject ,1
classic ,0
Opportunity ,1
confirm ,1
Who really wins? ,1
Remove in quotes ,1
Produced and sent out ,1
communicate ,0
Only $ ,1
While you sleep ,1
Outstanding values ,1
bias ,0
Removes wrinkles ,1
chemical ,0
commodity ,0
comprehensive ,0
cease ,0
Real thing ,1
challenge ,0
comment ,0
Pure profit ,1
comment ,0
People just leave money laying around ,1
While you sleep ,1
coherent ,0
confirm ,0
Print form signature ,1
consent ,0
capable ,0
Only $ ,1
One hundred percent free ,0
Removes wrinkles ,1
bias ,0
Pure profit ,1
concurrent ,1
consequent ,0
Once in lifetime ,1
compatible ,0
Outstanding values ,1
clarify ,0
One hundred percent guaranteed ,1
commission ,0
consequent ,0
confer ,0
Promise you …! ,1
communicate ,0
Offers extra cash ,1
conform ,0
compatible ,0
category ,0
Profits ,1
conclude ,0
Potential earnings ,1
clarify ,0
conclude ,0
Pure profit ,1
component ,1
Remove subject ,1
commission ,0
Remove in quotes ,1
Remove subject ,1
Requires initial investment ,1
People just leave money laying around ,1
conclude ,0
cite ,0
coincide ,0
confine ,0
Potential earnings ,1
Promise you …! ,1
civil ,0
One time mailing ,0
People just leave money laying around ,0
concurrent ,0
community ,0
component ,1
clause ,0
Outstanding values ,1
chart ,0
Reply remove subject ,1
Reserves the right ,0
conclude ,1
comprise ,0
code ,1
Offers extra cash ,0
confer ,0
Opt in ,1
chapter ,0
conform ,0
conclude ,0
Online pharmacy ,1
comprehensive ,0
concurrent ,1
compensate ,0
Who really wins? ,1
conform ,0
Only $ ,1
concept ,0
communicate ,0
One hundred percent free ,1
capable ,1
bond ,0
Once in lifetime ,1
Not intended ,1
category ,0
compile ,0
code ,0
While supplies last ,1
collapse ,0
Once in lifetime ,1
Requires initial investment ,1
confine ,0
conduct ,0
bulk ,0
Weekend getaway ,1
bulk ,0
circumstance ,0
channel ,0
No strings attached ,1
comment ,0
bond ,0
Order status ,1
Order now ,1
commence ,0
complement ,0
conflict ,0
complex ,0
coincide ,0
community ,0
While you sleep ,1
commodity ,0
Once in lifetime ,1
concentrate ,0
Not intended ,1
Pennies a day ,1
What are you waiting for? ,1
Print form signature ,1
complement ,0
Orders shipped by priority mail ,1
Print form signature ,0
Pure profit ,1
Order now ,1
Online pharmacy ,1
comprehensive ,0
Not intended ,1
Offers extra cash ,1
People just leave money laying around ,1
One time mailing ,1
community ,0
consequent ,0
component ,0
clause ,1
No strings attached ,1
bond ,0
conflict ,0
Order now ,1
conclude ,0
Reply remove subject ,1
Opt in ,1
concurrent ,0
capable ,0
concurrent ,0
One time mailing ,1
complex ,0
Online pharmacy ,1
component ,0
Potential earnings ,1
Off shore ,1
conduct ,0
What are you waiting for? ,1
Pennies a day ,1
Order now ,1
concept ,0
Opportunity ,1
commit ,1
People just leave money laying around ,1
Offer expires ,1
confirm ,0
Opportunity ,1
No strings attached ,1
circumstance ,0
Pennies a day ,1
Refinance home ,1
Offers free (often stolen) passwords ,1
comment ,0
Opportunity ,0
Offers extra cash ,1
Offer expires ,0
component ,0
consequent ,0
Potential earnings ,1
complement ,0
Remove in quotes ,1
Weekend getaway ,1
cease ,0
commission ,0
Print form signature ,0
conflict ,0
Opt in ,1
compensate ,0
capable ,0
compile ,0
Please read ,1
capable ,1
Not intended ,1
civil ,0
Offers coupon ,1
category ,0
What are you waiting for? ,1
Online biz opportunity ,1
People just leave money laying around ,1
Print form signature ,1
Real thing ,1
challenge ,0
Not intended ,1
concurrent ,0
colleague ,0
comprehensive ,0
communicate ,0
commence ,0
capacity ,1
Orders shipped by priority mail ,0
capable ,0
Remove in quotes ,1
comprise ,0
Order now ,1
Only $ ,1
comprehensive ,0
Outstanding values ,1
comprehensive ,0
conclude ,1
complex ,0
Online pharmacy ,1
conclude ,0
Offers free (often stolen) passwords ,1
Opt in ,1
clause ,0
bulk ,0
Offers extra cash ,1
Reserves the right ,0
Weekend getaway ,1
commission ,0
comprise ,0
Who really wins? ,1
conduct ,0
Offers coupon ,1
Reply remove subject ,1
Print out and fax ,1
coincide ,0
Pennies a day ,1
compatible ,0
Removal instructions ,1
coincide ,0
chemical ,0
clause ,0
clarify ,1
category ,0
chemical ,0
conduct ,1
While you sleep ,1
Removal instructions ,1
colleague ,0
Remove in quotes ,0
Opt in ,1
Online biz opportunity ,1
commodity ,0
comment ,1
Refinance home ,1
concentrate ,0
Online pharmacy ,1
conceive ,0
circumstance ,0
Online biz opportunity ,1
compatible ,1
Pennies a day ,1
concept ,0
colleague ,0
Pennies a day ,1
challenge ,0
Offers coupon ,1
commence ,0
challenge ,0
comprise ,0
complex ,0
community ,0
Pure profit ,1
colleague ,0
Offers coupon ,1
Offers free (often stolen) passwords ,1
comprehensive ,0
Offers coupon ,1
compatible ,0
Remove in quotes ,0
community ,0
Removal instructions ,1
challenge ,1
circumstance ,1
bias ,0
confine ,0
Pennies a day ,1
Please read ,1
Reply remove subject ,0
Reserves the right ,1
commission ,0
People just leave money laying around ,1
colleague ,0
Refinance home ,1
consent ,0
benefit ,0
category ,0
chapter ,1
complex ,0
Order now ,1
cite ,0
chapter ,0
component ,0
Refinance home ,1
commence ,0
chemical ,0
Only $ ,1
Not intended ,1
Offers extra cash ,1
Real thing ,1
confirm ,0
compile ,0
category ,0
chapter ,0
capacity ,0
clarify ,0
component ,0
confine ,0
conflict ,0
comprehensive ,0
confine ,0
Online pharmacy ,1
Potential earnings ,1
conclude ,0
Who really wins? ,1
Removal instructions ,1
conflict ,0
concept ,0
brief ,0
compound ,1
Orders shipped by priority mail ,1
Only $ ,1
clause ,1
coincide ,0
Remove subject ,1
Real thing ,1
confirm ,0
Requires initial investment ,1
challenge ,0
bond ,0
bulk ,0
We honor all ,1
concurrent ,0
confirm ,0
communicate ,0
What are you waiting for? ,0
Profits ,1
confine ,0
clarify ,0
challenge ,0
Opt in ,1
Produced and sent out ,1
Profits ,1
Refinance home ,1
conclude ,0
complement ,0
chemical ,0
compute ,0
bulk ,0
conclude ,0
classic ,0
Orders shipped by priority mail ,0
compute ,0
component ,0
community ,0
bias ,0
People just leave money laying around ,1
Offer expires ,1
Removes wrinkles ,1
Real thing ,1
Online pharmacy ,1
coincide ,0
Real thing ,1
People just leave money laying around ,1
Reserves the right ,1
Offers coupon ,1
Who really wins? ,1
concurrent ,0
Reply remove subject ,1
complex ,0
Online biz opportunity ,1
Offers coupon ,1
Not intended ,1
complement ,0
While supplies last ,1
classic ,0
Please read ,1
Print out and fax ,1
compute ,0
Removal instructions ,1
circumstance ,0
Produced and sent out ,1
chemical ,0
Reply remove subject ,0
conduct ,0
One hundred percent free ,1
bias ,0
Requires initial investment ,1
Pennies a day ,1
comprehensive ,0
Real thing ,1
Order status ,1
compile ,0
Offers coupon ,1
concentrate ,0
conclude ,0
commission ,0
cease ,0
Reply remove subject ,1
Profits ,1
Once in lifetime ,1
Remove subject ,1
bond ,0
Off shore ,1
concept ,0
Real thing ,1
Removes wrinkles ,1
comment ,0
concept ,0
complex ,0
Only $ ,1
Promise you …! ,1
conclude ,0
Order status ,1
commence ,0
chart ,0
compile ,0
Removal instructions ,1
classic ,0
confine ,0
Pennies a day ,1
commit ,0
commission ,0
commence ,0
Please read ,1
What are you waiting for? ,1
Produced and sent out ,1
People just leave money laying around ,1
capacity ,0
Who really wins? ,1
complex ,1
consequent ,0
confer ,0
concentrate ,0
clause ,0
One time mailing ,1
One hundred percent free ,1
Weekend getaway ,1
Real thing ,1
While you sleep ,1
classic ,0
conceive ,0
channel ,1
Once in lifetime ,1
bond ,0
Promise you …! ,1
cease ,0
conclude ,0
chemical ,0
Offers coupon ,1
clarify ,0
One hundred percent guaranteed ,1
conform ,0
category ,0
cite ,0
complex ,0
complex ,0
Opportunity ,1
compensate ,0
While you sleep ,1
comment ,0
channel ,0
consent ,0
comment ,0
Print out and fax ,1
complex ,0
concept ,0
circumstance ,0
What are you waiting for? ,1
Order now ,1
One hundred percent free ,0
Produced and sent out ,1
coincide ,0
Produced and sent out ,1
cite ,0
comment ,0
What are you waiting for? ,1
chart ,0
commission ,0
conform ,0
Offers extra cash ,1
comprise ,0
commission ,0
component ,0
chapter ,0
Order now ,1
conflict ,0
challenge ,0
component ,0
One time mailing ,1
capable ,0
communicate ,0
One hundred percent guaranteed ,1
Refinance home ,1
classic ,0
complement ,0
Online biz opportunity ,1
classic ,0
Online pharmacy ,1
conflict ,0
benefit ,0
Remove in quotes ,1
channel ,0
Once in lifetime ,1
coincide ,0
complex ,0
consequent ,0
One hundred percent guaranteed ,1
concurrent ,0
conclude ,0
commence ,0
Potential earnings ,1
Reserves the right ,1
clause ,0
Removal instructions ,1
Outstanding values ,1
commodity ,0
Pennies a day ,1
Weekend getaway ,1
coincide ,1
Who really wins? ,1
Profits ,1
Once in lifetime ,1
category ,0
community ,0
cease ,0
Opt in ,1
Pure profit ,1
classic ,0
Offers coupon ,0
channel ,0
commodity ,0
communicate ,0
circumstance ,0
Please read ,1
Print out and fax ,1
community ,0
One time mailing ,1
conceive ,0
component ,0
Once in lifetime ,1
Only $ ,1
Opportunity ,1
community ,0
Reply remove subject ,1
commit ,0
Offers coupon ,1
People just leave money laying around ,1
While you sleep ,1
confirm ,0
One hundred percent free ,1
Refinance home ,1
commission ,0
collapse ,0
Offers extra cash ,1
Produced and sent out ,1
concentrate ,0
Remove subject ,1
complement ,0
compile ,0
concurrent ,0
One hundred percent guaranteed ,0
Off shore ,1
commodity ,0
Online biz opportunity ,1
Online biz opportunity ,1
concurrent ,0
Offers extra cash ,1
compound ,0
Produced and sent out ,1
Produced and sent out ,1
Not intended ,1
concurrent ,0
Order status ,1
bond ,0
concept ,0
capable ,0
Remove subject ,1
Pure profit ,1
consent ,0
compile ,1
circumstance ,0
category ,0
Requires initial investment ,1
Reserves the right ,1
Print out and fax ,1
Order now ,1
compensate ,1
clarify ,0
complement ,1
conduct ,0
brief ,0
collapse ,0
confirm ,0
concurrent ,0
Reserves the right ,1
Offers extra cash ,0
While you sleep ,1
clarify ,0
conduct ,1
While you sleep ,1
code ,0
benefit ,0
coincide ,1
What are you waiting for? ,1
Orders shipped by priority mail ,1
Orders shipped by priority mail ,1
compatible ,0
capable ,0
comprise ,0
collapse ,0
Opportunity ,1
People just leave money laying around ,1
Refinance home ,1
Requires initial investment ,1
comprehensive ,0
While you sleep ,1
What are you waiting for? ,1
confirm ,1
conflict ,0
chart ,0
comment ,0
complex ,0
classic ,0
Potential earnings ,1
commodity ,0
commission ,0
code ,0
benefit ,0
compatible ,0
People just leave money laying around ,1
clause ,0
Opportunity ,1
category ,0
Opt in ,1
bond ,0
clause ,0
brief ,0
coincide ,0
compensate ,0
civil ,0
component ,0
What are you waiting for? ,1
Promise you …! ,1
benefit ,1
commence ,0
collapse ,0
Real thing ,1
While supplies last ,1
conduct ,0
Removal instructions ,1
Real thing ,0
circumstance ,0
While supplies last ,1
concurrent ,0
Orders shipped by priority mail ,1
commit ,1
conceive ,0
capable ,0
Not intended ,0
Please read ,1
civil ,0
Once in lifetime ,0
commodity ,0
communicate ,0
Once in lifetime ,1
One hundred percent guaranteed ,1
Offers coupon ,1
Order status ,1
confirm ,1
collapse ,0
clarify ,0
Order now ,1
chapter ,0
coherent ,0
civil ,0
Real thing ,1
complement ,0
Order now ,1
comprise ,0
Potential earnings ,0
No strings attached ,1
Real thing ,1
Not intended ,1
capacity ,0
chapter ,0
Online biz opportunity ,1
civil ,0
colleague ,0
confer ,0
community ,0
Produced and sent out ,1
compensate ,1
Who really wins? ,0
clarify ,0
conceive ,0
Potential earnings ,1
Orders shipped by priority mail ,1
concurrent ,0
Off shore ,1
Order now ,1
clause ,0
community ,0
challenge ,0
benefit ,0
component ,0
Offers coupon ,1
Pure profit ,1
Order now ,1
compensate ,0
Offer expires ,1
clause ,0
cease ,0
complement ,0
Offer expires ,1
concept ,0
Weekend getaway ,1
bias ,0
complement ,1
clause ,0
bulk ,0
brief ,0
chapter ,0
Removes wrinkles ,1
bulk ,0
capacity ,0
compile ,0
compile ,0
consent ,0
compile ,1
While you sleep ,1
Pennies a day ,1
Print form signature ,1
Not intended ,1
coincide ,0
Refinance home ,1
Only $ ,1
colleague ,0
chapter ,1
While supplies last ,1
Outstanding values ,0
circumstance ,0
One hundred percent guaranteed ,1
Removal instructions ,1
No strings attached ,1
One time mailing ,1
complex ,0
Profits ,1
conform ,0
Online biz opportunity ,1
confer ,0
complex ,1
Please read ,1
community ,0
chart ,0
comprehensive ,0
Online pharmacy ,1
commodity ,0
compound ,1
Pure profit ,1
Outstanding values ,1
Profits ,1
commence ,0
Once in lifetime ,1
component ,0
Remove in quotes ,1
civil ,0
compound ,0
coincide ,0
clarify ,0
compensate ,0
Not intended ,0
conduct ,0
Online pharmacy ,1
component ,0
cite ,1
complex ,0
